店名,最寄り駅,料理ジャンル,PR,評価,口コミ数,保存数,夜の予算,昼の予算,定休日,サイト,住所,メニュー,Google Map,lat,lng
歓,すすきの（市営）駅 122m,魚介料理・海鮮料理、かに,"【コロナ対策：オゾン空気清浄機】身の詰まった本物の毛ガニをぜひどうぞ,すすきの駅 徒歩2分",3.07,8件,887件,"￥8,000～￥9,999",-,,https://tabelog.com/hokkaido/A0101/A010103/1008075/,北海道札幌市中央区南五条西3-8 Nグランデビル 2F,毛ガニ 大（2、3名でどうぞ） 特大（4、5名でどうぞ） 焼タラバ足 特大１本（2名様でどうぞ） キンキ鍋 ふぐコース(てっさ、湯引き、唐揚げ、てっちり、雑炊、) 海鮮鍋（2名～） タチ入り湯豆腐 お刺身盛り合わせ お刺身盛り合わせ  釣りきんき 特大（羅臼産） 開きほっけ 特大 八角 特大／塩焼き、田楽焼き ホタテ貝焼き／塩、醤油、バター、チーズ 牡丹海老塩焼き 特大 十勝牛陶板焼き 季節のお野菜 タチポン・タチ焼き（冬期） 牡蠣貝焼き（厚岸産）など 鯨ベーコン 生牡蠣（厚岸産） タチとニラの玉子とじ（冬期） ★当日限定オススメメニューもございます。 ※前日までのご予約で、活いかもご注文いただけます。 ※上記金額は季節、仕入れにより変動致します。ご了承くださいませ。,"https://maps.google.com/maps?ll=43.054821,141.354501&z=17&t=m&hl=ja&gl=US&mapclient=apiv3",43.054821,141.354501
コロポックル,すすきの（市電）駅 22m,居酒屋、魚介料理・海鮮料理,15時～営業中です！毛カニ・真タチ入荷予定！★活イカの入荷状況はお電話でご確認ください,3.49,294件,14001件,"￥5,000～￥5,999",-,,https://tabelog.com/hokkaido/A0101/A010103/1003744/,北海道札幌市中央区南四条西4 松岡ビル ３Ｆ,"◆◇◆北海道産活エゾアワビ
◆◇◆北海道といえばコレ！北海道産浜茹で毛カニ◆◇◆
当店人気ＮＯ1◆◇◆美味しいじゃがバターを食べよう！ニセコ産北あかり◆◇◆
当店人気ＮＯ2◆◇◆カニのむき身ラーメンサラダ◆◇◆
当店人気ＮＯ3◆◇◆ 大きさにびっくり！特大シマホッケ◆◇◆
◆◇◆本当に美味しい！利尻産バフンウニ◆◇◆6月末～8月
◆◇◆こちらもおすすめ！利尻産ムラサキウニ◆◇◆5月末～9月
◆◇◆夏の風物詩★道東産北海シマエビ◆◇◆　7月頃
◆◇◆甘さ抜群！北海道産トマト◆◇◆　8月頃
◆◇◆日高・鵡川産 シシャモ刺身◆◇◆10月～11月
シシャモの甘露煮
いくらの醤油漬け
ジンギスカン
鮭のちゃんちゃん焼き
てっぽう汁
ザンギ
しじみラーメン
ニシン漬け","https://maps.google.com/maps?ll=43.055756,141.352677&z=17&t=m&hl=ja&gl=US&mapclient=apiv3",43.055756,141.352677
直営 千歳鶴,すすきの（市営）駅 116m,居酒屋、魚介料理・海鮮料理,味は割烹、価格は日常。札幌の老舗酒蔵「千歳鶴」直営店でゆるり愉しむ隠し生酒と郷土の美味一献,3.41,63件,3286件,"￥4,000～￥4,999",-,,https://tabelog.com/hokkaido/A0101/A010103/1003622/,北海道札幌市中央区南五条西3 ニューススキノビル　１Ｆ,"はたはた飯寿司
紅鮭刺
ニシン漬け
たち（ポン酢 または 天ぷら）
たちのかまぼこ刺
銀むつのかま焼 990円～1,320円
にしん切り込み
あん肝
あん肝共和え
まいたけのバター焼き
まいたけの天ぷら
ほっきバター焼
いかごろ陶板焼き
にんにく丸揚げ
長芋しそ漬け
カマンベールチーズフライ
銀鱈粕漬け焼き
きんき塩焼き または 煮付け
刺身単品 748円～
イカ一夜干し
月見つくね たれ焼[自家製]
柳葉魚焼
ほっけ開き
揚げ芋とトマトのモッツァレラチーズ焼き
鮭のメフン
ほやの塩辛
ホタルイカ沖漬
葉わさび
ずわい蟹味噌
自家製いか塩辛
もずく酢
大根とじゃこのサラダ
ラーメンサラダ
じゃがたらバター 北あかり
山かけまぐろ
にら玉とじ
名物合わせとじ
ルスツ産もち豚角煮
若鶏ザンギ
タコサンギ
味噌汁","https://maps.google.com/maps?ll=43.054674,141.354194&z=17&t=m&hl=ja&gl=US&mapclient=apiv3",43.054674,141.354194
積丹浜料理 第八 太洋丸,すすきの（市営）駅 54m,魚介料理・海鮮料理、居酒屋,【喫煙可】すすきの駅すぐ◆札幌で数少ない積丹＆小樽直送 店主が厳選した極上鮮魚と地酒,3.36,35件,2753件,"￥6,000～￥7,999",-,,https://tabelog.com/hokkaido/A0101/A010103/1009539/,北海道札幌市中央区南四条西3丁目 第2グリーンビル6F,"ぶあつい！身厚！シマホッケ
氷下魚（こまい）炙り焼（2尾）
うまうま塩ザンギ（四個）
いくら丼（小）
本日の海鮮山わさび飯
大人気☆ガリとさば
タコあたま和風カルパッチョ
マグロのごま醤油和え
かにみそ炙り
あん肝ぽん酢
ニシンの味噌たたき（なめろう）
麻薬とうふ奴（葉わさび自家製タレの冷奴）","https://maps.google.com/maps?ll=43.055395,141.353971&z=17&t=m&hl=ja&gl=US&mapclient=apiv3",43.055395,141.353971
ワラヤキ酒場 あくと,すすきの（市電）駅 155m,魚介料理・海鮮料理、居酒屋,【通常営業中！】北海道初わら焼専門店！“藁焼き”と北海道の“新鮮魚介”が楽しめる,3.44,93件,8918件,"￥3,000～￥3,999",-,,https://tabelog.com/hokkaido/A0101/A010103/1053489/,北海道札幌市中央区南4条西5 アイビルⅡ 3F,"あくとのラーメンサラダ
あくとの選べるサラダ
葉わさび醤油漬け
長芋しそ漬け
きゅうり1本漬け
イカの塩辛
サケトバ/イカ一夜干し/エイヒレ/タコ/ししゃも/豆アジ/干しえび/ホタルイカ
あくとのザンギ
じゃがバター塩辛
出汁巻き玉子　プレーン／明太チーズ
ホッケ開き
タコ唐揚げ
ホタテとアスパラのバター炒め
アサリ酒蒸し
〆サバの棒寿司
カツオのたたき丼
カツオ飯","https://maps.google.com/maps?ll=43.055656,141.350973&z=17&t=m&hl=ja&gl=US&mapclient=apiv3",43.055656,141.350973
鰻 道産料理 大助別亭,豊水すすきの駅 166m,うなぎ、魚介料理・海鮮料理,【薄野駅から徒歩3分】国産活〆鰻とこだわりの一品料理がお酒との相性抜群♪,3.13,11件,1016件,"￥6,000～￥7,999",-,,https://tabelog.com/hokkaido/A0101/A010104/1021105/,北海道札幌市中央区南5条西3-1-11 グリーンビル 3F,"うな重
蒲焼
白焼き
うざく
う巻
くりから　1本
きも焼き　1本
ひれ焼き　1本
かしら焼き　1本
きも煮
季節のお刺身盛り合わせ（一人前）
オホーツク産活〆　時しらず焼き
羅臼産　ほっけ開き
羅臼産　いか一夜干し
桜ます焼き漬け
メークイン　バター煮
カニ入りさつま揚げ
いか塩辛
漬物盛り合わせ
たちポン酢
なまこ酢
たこのやわらか煮
活〆桜鱒　棒寿司
鯖　棒寿司","https://maps.google.com/maps?ll=43.054456,141.354844&z=17&t=m&hl=ja&gl=US&mapclient=apiv3",43.054456,141.354844
おが,すすきの（市営）駅 144m,魚介料理・海鮮料理、居酒屋,消毒・殺菌を徹底した完全個室で、活魚介類や旬・特選素材を使ったをご堪能下さい！！,3.73,341件,24134件,"￥10,000～￥14,999",-,,https://tabelog.com/hokkaido/A0101/A010103/1002392/,北海道札幌市中央区南三条西3-1 サンスリービル 8F、9F,"活毛がに
■河豚（ふぐ）コース 一人前 全9品 15,00０円
●栄養満点すっぽんスタミナコース 1人前　12,500円　（全1３品）【2人前から注文可】
葡萄海老（ぶどうえび）　2本　7,700円
■活マツカワがれい姿盛り 1枚（三～四人前） 8,250円～
◆活伊勢海老　13,000円～
ふぐ白子のすっぽんあんかけ
■おが特製　　ふかひれの姿煮
■おが特製　　活イセエビとフォアグアの黄金焼き
えぞ鹿のヒレステーキ
とろたく
●究極のおにぎり 530円
アスパラガス３点盛り合わせ
アスパラガス2点盛り合わせ
とうきび（とうもろこし）
山菜盛り合わせ
山菜天ぷら盛合せ
ふぐ料理各種
鰊・鯡（にしん）半身刺身　750円～
キャビア
●鯨
活ほたて
活つぶ
活ほっき
活赤ほや刺身
大好評！活貝盛合せ
旬の産地より・・・ 活毛蟹釜ゆで
活そい姿盛り刺身
活ひらめ姿盛り刺身
活ひらめ盛合せ
鮭（サーモンルイベ）
本まぐろ
八角（小樽・利尻礼文産）
旬のお造り盛合せ（１人前1皿）
石狩鍋
■焼魚(全８種）
ししゃも（鵡川産・メス二本またはオスニ本）
アトランサーモン
■焼物（全１５種）
グリーンアスパラバター焼き
かにとポテトのチーズ焼き
活ほたて（塩・みそ・バター）焼き
活つぶ磯焼
毛がにの甲羅焼き
牡丹海老（ぼたんえび）塩焼
生タラバ焼（特大）
■煮物（全6種）
■揚げ物（全12種）
■酢の物（全6種）
■サラダ（全８種）
ピリ辛豆腐サラダ
湯葉の生春巻き風
生ハムサラダ
イセエビサラダ
■一品料理（全10種）
行者醤油
グリーンアスパラボイル
じゃがいもバター
おが特製茶碗蒸し
豚の角煮
■味噌汁 （数種類あります。）280円～","https://maps.google.com/maps?ll=43.056443,141.354529&z=17&t=m&hl=ja&gl=US&mapclient=apiv3",43.056443,141.354529
居酒屋 美濃家,大通駅 259m,居酒屋、魚介料理・海鮮料理,※今週30日（月）、31日（火）は、テーブル席が若干御座います。,3.47,110件,9726件,"￥4,000～￥4,999",-,,https://tabelog.com/hokkaido/A0101/A010102/1007285/,北海道札幌市中央区北一条西3 ばらと北１条ビル Ｂ１Ｆ,"冷しトマトと生ハムのサラダ
鮮度抜群！ホッケ刺し
煮込みﾁｬｰｼｭｰのﾗｰﾒﾝｻﾗﾀﾞ
ゴーヤチャンプル
えび明太子生春巻き
開きホッケの炭焼き
タラバガニの一本焼き
鉄板！生ラムの炭焼き
コマイの一夜干し（３本）
じゃがいも塩バター
スモークサーモンのシーザーサラダ
焼鳥盛合せ（串７本、野菜２本）","https://maps.google.com/maps?ll=43.062363,141.352474&z=17&t=m&hl=ja&gl=US&mapclient=apiv3",43.062363,141.352474
のつけ,すすきの（市営）駅 134m,居酒屋、魚介料理・海鮮料理,薄野駅より2分◇こじんまりとした老舗で楽しむ北海道の海鮮や畑の恵み◆限定クラシック生と銘酒,3.06,5件,516件,"￥3,000～￥3,999",-,,https://tabelog.com/hokkaido/A0101/A010103/1017007/,北海道札幌市中央区南五条西4丁目 バッカスビル　１F,"かぶりつき若鳥
こまい一夜干し
ししゃも
ボタン海老塩焼き(一本)
ほたて貝　 塩焼き・バター焼き
他にもきんきなど色々な種類ございます。
じゃがバター(塩辛付き)
グリーンアスパラ　(バター炒め・ゆでマヨ)
北海しまえび
ラーメンサラダ(サラダは4種類あります)
他、酢の物・珍味・海鮮グラタン等色々ございます。
【天ぷら・揚げ物】
魚介のかき揚げ
タコのザンギ","https://maps.google.com/maps?ll=43.054325,141.352943&z=17&t=m&hl=ja&gl=US&mapclient=apiv3",43.054325,141.352943
大衆食堂十勝居酒屋一心,さっぽろ（札幌市営）駅 223m,居酒屋、和食（その他）,【十勝帯広で２０年飲食店を経営】十勝・北海道産食材をご堪能下さい！！,3.37,85件,1839件,"￥3,000～￥3,999",～￥999,,https://tabelog.com/hokkaido/A0101/A010101/1054963/,北海道札幌市中央区北二条西3 札幌フコク生命越山ビル 2F,"【1位！！】十勝産霜降り牛の炙り肉寿司
【2位！】米艶卵の出汁巻き玉子
【3位！】十勝芽室小山牧場のごぼうスライス揚げ
【4位！】十勝広尾産ししゃも焼き(3尾)
【5位！】十勝音更竹内養鶏場 幻の白い卵の極上米艶プリン
【名物】十勝川西産 長芋そうめん 音更竹内養鶏場 米艶卵のせ
十勝川西産 長芋揚げ
十勝川西産 長芋バターステーキ
十勝川西産 長芋バターチーズステーキ
ザク切り塩キャベツ
北海道名物ラーメンサラダ
北海道産真ダコの和風カルパッチョ
サーモンの和風カルパッチョ
十勝吉川屋 漬物盛
十勝吉川屋 長芋たまり
串の盛り合わせ7種
【一心名物】北海道産特選 鶏串(1本)
【一心名物】北海道産特選 豚串(1本)
鶏串(1本)
北海道産タレ生つくね串(1本)
北海道産じゃがバターチーズ焼き
北海道産じゃがバター明太チーズ焼き
北海道産じゃがバター塩辛のせ
北海道産熱々玉ねぎ丸焼き
十勝産バター醤油枝豆
サーモン炙りマヨネーズ
厳選！！エビの串焼き(3本)
厳選！サバスティック
大人気！！厳選ホッケ焼き
十勝広尾産ししゃも焼き(3尾)
アジの塩焼き
サバの塩焼き
厚岸佐藤水産直送 牡蠣の冷製蒸牡蠣(2枚)
厚岸佐藤水産直送 蒸牡蠣(2枚)
厚岸佐藤水産直送 牡蠣の冷製蒸牡蠣イクラのせ(1枚)
厚岸佐藤水産直送 焼牡蠣(2枚)
厚岸佐藤水産直送 牡蠣のチーズ焼(2枚)
十勝大樹産つぶスモーク
一心自家製ザンギ(2個)
【十勝名物】鴨川豚丼
【十勝名物】鴨川味噌豚丼","https://maps.google.com/maps?ll=43.064172,141.351679&z=17&t=m&hl=ja&gl=US&mapclient=apiv3",43.064172,141.351679
さっぽろっこ,すすきの（市営）駅 40m,魚介料理・海鮮料理、居酒屋,すすきの生まれ、すすきの育ち！地元のお客様と共に育ち早50年以上,3.46,111件,6171件,"￥4,000～￥4,999",-,,https://tabelog.com/hokkaido/A0101/A010103/1000220/,北海道札幌市中央区南四条西3 第2グリーンビル 2F,"季節の野菜いろいろ
帆立のたまご
活北寄貝　刺身　又は　塩焼き
蟹甲羅七輪焼き
おろしたて山わさびと焼き海苔
いくらの醤油漬け
ほっけ開き炭焼き
活北寄貝の炭火焼き
炭焼き串各種
地物　子持ちししゃも炭火焼き　4尾
ジンギスカンの陶板焼き
道産牛肉の炭火焼き
若鶏ザンギ５個
もずく酢
車海老と野菜の天麩羅盛合せ
本たらば炭焼き　又は　蒸しあげ　200g
特撰寿司盛合せ
ラーメンサラダ＜味噌ラーメン風ドレッシング＞","https://maps.google.com/maps?ll=43.055445,141.353801&z=17&t=m&hl=ja&gl=US&mapclient=apiv3",43.055445,141.353801
北の味 海来,さっぽろ（札幌市営）駅 337m,魚介料理・海鮮料理、居酒屋,,3.28,18件,620件,"￥3,000～￥3,999",～￥999,,https://tabelog.com/hokkaido/A0101/A010101/1041479/,北海道札幌市中央区北4条西6丁目 エターナルパンセビル 2F,"海鮮丼
本日の握り寿司
北の味 握り寿司
鮪
自家製しめ鯖
本鮪
帆立
自家製しめ鯖
羅臼ほっけ
活帆立
姫だら
道産ししゃも
カスベ一夜干し
いか一夜干し
【富良野ポーク】豚串
【中札内】鶏串
ザンギ
ラーメンサラダ
味噌汁","https://maps.google.com/maps?ll=43.065633,141.346509&z=17&t=m&hl=ja&gl=US&mapclient=apiv3",43.065633,141.346509
味処 北國屋,さっぽろ（札幌市営）駅 257m,居酒屋、魚介料理・海鮮料理、鍋（その他）,【さっぽろ駅徒歩５分】レトロな情緒漂う大人の為の居酒屋,3.35,31件,2039件,"￥3,000～￥3,999",～￥999,,https://tabelog.com/hokkaido/A0101/A010101/1018508/,北海道札幌市中央区北二条西3-1-11 プラザ北2条ビル 2F,チーズいももち,"https://maps.google.com/maps?ll=43.064045,141.352254&z=17&t=m&hl=ja&gl=US&mapclient=apiv3",43.064045,141.352254
海味 はちきょう 別亭 おやじ,すすきの（市営）駅 103m,居酒屋、魚介料理・海鮮料理、郷土料理（その他）,,3.49,280件,15406件,"￥4,000～￥4,999",-,木曜日・日曜日,https://tabelog.com/hokkaido/A0101/A010103/1020854/,北海道札幌市中央区南3条西3丁目 TM24ビル 1F,"かちわりきゅうり
はちきょうフライドポテト
本日の漬け物
十勝産バターコーン
はちきょう刺盛り 1～2人前
本日の単品刺身 店頭価格
羅臼産 真ホッケの開き
日高産 本ししゃも
サーモンハラス浜干し
北海道産エゾシカソーセージ
コマイの一夜干し 一本
ほたてのバター焼き 一個
真イカの一夜干し
道内産 真ホッケの開き
はちきょう流ホッケの開きのちゃんちゃん焼き ハーフ＆ハーフ
はちきょう流ホッケの開きのちゃんちゃん焼き
おつまみうずらたまご
かちわりきゅうり
ぴり辛山わさび冷奴
本日の漬け物
道産タコとわかめの酢の物
鮭トロユッケ
小鉢いくら
北海道産大豆のこだわり寄せ豆腐
はちきょう特製なまら鶏ザンギ 一個
ホッケメンチカツ
自家製はちきょうフライドポテト
十勝産バターコーン
ホクホクじゃがバターのイカの塩辛添え
ぷりぷり海老の和風水ギョーザ
タコザンギ
北海道産エゾシカソーセージ
カニ味噌焼き
はちきょう流じゃがバター
はちきょうカニクリームコロッケ
キンキの湯煮
元祖つっこ飯
岩のりの味噌汁
ふのりの味噌汁
ぎんなん草の味噌汁","https://maps.google.com/maps?ll=43.056331,141.3539&z=17&t=m&hl=ja&gl=US&mapclient=apiv3",43.056331,141.3539
〆のい,西８丁目駅 179m,ダイニングバー、バー、ワインバー,,3.16,11件,657件,"￥4,000～￥4,999","￥1,000～￥1,999",無休サイトの性質上、店舗情報の正確性は保証されません,https://tabelog.com/hokkaido/A0101/A010102/1066905/,北海道札幌市中央区南1条西6-8-1 フィーノホテル札幌大通 1F,"今日の煮浸し
北海道牛乳を使った豆腐 本わさびと特製醤油
鮨屋が作るカルパッチョ
豊洲やま幸から仕入れた本鮪のタルタル
札幌の名店畔田商店の豆腐を使った揚げ出汁豆腐
鮨いそののまかない 鯖の味噌煮
北海道産カキのオイル漬け
今日のきまぐれ茶碗蒸し 栗の甘露煮入り
真鱈の白子天ぷら
鮨屋が仕込んだ穴子天ぷら
銀だら西京味噌焼き
出汁巻玉子 銀餡がけ
鮨屋が仕込んだ穴子焼き ゆず塩添え
今日の漬け物盛合せ
ニシン漬け
真ぞいの煎り酒和え
本鮪の漬け
鉄火巻き
カッパ巻き
たらこ巻き
穴子きゅうり巻き
鮨いそののまかない 北海道郷土料理〆の石狩鍋","https://maps.google.com/maps?ll=43.058049,141.348415&z=17&t=m&hl=ja&gl=US&mapclient=apiv3",43.058049,141.348415
コロポックル 円山店,円山公園駅 280m,居酒屋,,3.4,39件,1089件,"￥3,000～￥3,999",-,月曜日（祭日の場合は営業、翌 火曜日休み）,https://tabelog.com/hokkaido/A0101/A010105/1003444/,北海道札幌市中央区大通西23-1-1 円山公園ＭＳ　１Ｆ,"○●刺身●○
生本鮪刺
活つぶ刺
ボタン海老刺
刺身盛合せ（6～7点）一人前
○●湯葉料理●○
当店の湯葉は、創業明治42年の小山製麩所より上質の湯葉を仕入れています。
湯葉くるみ揚げ
○●焼き物(1本)●○
厚真産 鶏串
道内産ＳＰＦ豚串
チーズつくね
牛ヒレ串焼
串焼盛合せ
牛タン炭焼き
岩手産みちのく清流味わいどり 鶏もも炭焼き
○●焼き魚●○
ホッケ
生干しコマイ
焼タラバ
一夜干盛合せ
天使のエビ炭焼き
○●揚物●○
天ぷら盛合せ
変わり串揚
にんにく丸揚
タラバ天ぷら
○●サラダ●○
ラーメンサラダ
鉄火丼
海鮮丼
いくら丼
カニ雑炊","https://maps.google.com/maps?ll=43.056549,141.322902&z=17&t=m&hl=ja&gl=US&mapclient=apiv3",43.056549,141.322902
蝦夷丸 札幌店,大通駅 340m,居酒屋、魚介料理・海鮮料理、創作料理,,3.06,7件,242件,"￥3,000～￥3,999","￥2,000～￥2,999",,https://tabelog.com/hokkaido/A0101/A010102/1069794/,北海道札幌市中央区北1条西3-3-24 札幌中央ビル 2F-A,"温玉とろーりラーメンサラダ
和風豆腐サラダ
宝石牡蠣
鉄板ジンギスカン
ホッケ
コマイの干物
イカの一夜干し
北海道産シシャモ
ソーセージ盛り合わせ
蝦夷丸特製若鶏のザンギ
きたあかりのポテトフライ
チキン南蛮
カキフライ
カニクリームコロッケ
タコの唐揚げ
小海老の唐揚げ
味噌仕立て牡蠣鍋
北海道郷土料理 石狩鍋
胡麻油が決め手 鶏白湯鍋
豚バラキムチ鍋
十勝帯広豚丼
ウニいくら丼
サーモンいくら丼
味噌バターラーメン
お茶漬け (梅・鮭)
釜揚げしらす丼
味噌汁","https://maps.google.com/maps?ll=43.063097,141.352279&z=17&t=m&hl=ja&gl=US&mapclient=apiv3",43.063097,141.352279
食彩 ひな,すすきの（市電）駅 142m,居酒屋、創作料理、魚介料理・海鮮料理,,3.05,4件,200件,"￥5,000～￥5,999",-,日曜休み(月曜祝日の場合日曜営業),https://tabelog.com/hokkaido/A0101/A010103/1035564/,北海道札幌市中央区南5条西5丁目 ソシアル桂和ビル3F,"毛ガニの剥き身カニミソのせ
銀ダラ西京焼き
煮あなご炙り
氷下魚（コマイ）焼き 2本
いももちバター蒸し
芋塩ゆで（塩辛添え）
牛ヒレガーリックステーキ
その他 お茶漬け・おにぎり・味噌汁など","https://maps.google.com/maps?ll=43.054621,141.351771&z=17&t=m&hl=ja&gl=US&mapclient=apiv3",43.054621,141.351771
創作居酒屋 紅音 札幌店,すすきの（市電）駅 35m,居酒屋、魚介料理・海鮮料理、鍋（その他）,すすきの駅30秒！すすきのど真ん中！北海道料理×創作料理,3.12,17件,1042件,"￥3,000～￥3,999",-,,https://tabelog.com/hokkaido/A0101/A010103/1047076/,北海道札幌市中央区南4条西4-16 恵愛ビル 5F,"豪快！鮮魚5点盛り
刺身3点盛り
ホタテ
マグロ
サーモン
鯛
鰤
蛸
本日のお刺身
鮮魚のカルパッチョ～わさび風味～
炙りしめ鯖
自慢の手羽先1本（5本～）
道産鹿肉のたたき
チーズぶっかけシーザーサラダ
紅音のポテトサラダ
卓上だし巻き玉子
特大！ハニートースト～バニラアイス添え～
道産子ソウルフード鉄板ジンギスカン
札幌名物　ラーメンサラダ
北海道釧路名物　ザンギ
北海道産　ホタテバター2個
北海道名物　北あかりじゃがバター
北海道バニラアイス
馬刺し
鹿肉のたたき
ガツ刺し
馬鹿刺し盛り合わせ
本場！博多もつ鍋 (1人前)
雑炊
〆ラーメン
〆うどん
追加もつ
追加野菜
さっぱり塩味枝豆
塩だれキャベツ
たたききゅうり
白菜の漬物
いぶりがっこクリームチーズ
たこわさ
つぶわさ
塩辛
松前漬
あさりの酒蒸し
チーズぶっかけシーザーサラダ
ラーメンサラダ～胡麻ドレッシング～
名物！じゃがバター～塩辛添え～
特大ホッケの一夜干し
だし巻き玉子
イカの丸焼き
鮭のちゃんちゃん焼き
鉄板ジンギスカン
自慢の手羽先揚げ(5本～)
自家製ザンギ
フライドポテト
甘エビの唐揚げ
たこの唐揚げ
カニクリームコロッケ（2ツ）
軟骨から揚げ
きびなごの唐揚げ
鮮魚三種の海鮮丼
お茶漬け（鮭）
お茶漬け（たこわさ）
お茶漬け（チャンジャ）
ざるラーメン","https://maps.google.com/maps?ll=43.055933,141.352899&z=17&t=m&hl=ja&gl=US&mapclient=apiv3",43.055933,141.352899
炉端 レプンカムイ,すすきの駅,居酒屋,北の海鮮が楽しめる炉端。すすきの駅をラフィラ側で出て頂きラフィラの西側を南に1条進むと角にライラックビルがあり、その2階です。,,,,3001～4000円,,,https://www.hotpepper.jp/strJ001168220/,北海道札幌市中央区南５条西４ライラックビル2F,"日高産ししゃも
日高産 宗八
日本海産 開ニシン
釧路産サバ
ホタテ焼き
鮭ハラス焼き
増毛産 活だこ串(2本)
えび串(2本)
しいたけ
ししとう
う米豚肩ロース串（2本）
手羽先串（2本）
美唄もつ串（2本）
たこわさ
みそ塩辛
冷奴
漬物盛合せ
エイヒレ
もずく酢
まぐろのユッケ
もろきゅう
にしんの切り込み
いぶりがっこのクリームチーズ添え
刺身三点盛り
本マグロ
しめサバ
刺身五点盛り
ぼたん海老(2尾)
炙りしめサバ
ほたて刺
あさりの酒蒸し
ほっけのちゃんちゃん焼き
鮭のちゃんちゃん焼き
お好み焼き風玉子焼き
だし巻き玉子焼き
いももち
いもバター 塩辛付き
炭焼きポークステーキ
ホルモンのからあげ
フライドポテト
自家製 さつまあげ
唐揚げ
自家製 春巻
たこザンギ
バターコーン
なんこつ唐揚げ
クリームコロッケ
韓国風マグロ丼
う米豚炙り豚バラ握り 一貫
焼きおにぎり
おにぎり（梅・かつお・鮭）
茶漬け 鮭・梅
グリンサラダ
大根と水菜のサラダ
ラーメンサラダ","https://maps.google.com/maps?ll=43.054809,141.352791&z=18&t=m&hl=ja&gl=JP&mapclient=apiv3",43.054809,141.352791
海鮮浜焼き 漁火西八丁目店,札幌大通,海鮮 浜焼 牡蠣 居酒屋,海の家 新鮮な海の幸 山の幸 専門店 大通駅徒歩5分、西11丁目駅からも徒歩5分の超好立地！,,,,3001～4000円,,,https://www.hotpepper.jp/strJ001192609/,北海道札幌市中央区南１条西８丁目小六ビル１階,"茄子の唐辛子味噌炒め
道産しいたけバター炒め
揚げ茄子おろしポン酢
山盛りウインナー
道産いももち　3個
道産じゃがいものポテトフライ(バター付)
漁師じゃがバター
鮭のちゃんちゃん焼き
料理長おまかせ焼き魚
サーモンハラス焼き
ホッケ焼き
ししゃも　4尾
バリバリキャベツ
シーザーサラダ
特製豚丼","https://maps.google.com/maps?ll=43.059065,141.34851&z=16&t=m&hl=ja&gl=JP&mapclient=apiv3",43.059065,141.34851
天麩羅×鉄板 流-ながれ- 札幌すすきの駅前店,すすきの駅,居酒屋 完全個室 宴会,【天麩羅×鉄板×夜景】すすきの駅徒歩30秒！「マクドナルド」さんが目印のビル5Fにございます。,,,,3001～4000円,,,https://www.hotpepper.jp/strJ001102300/,北海道札幌市中央区南４条西４-16 恵愛ビル5F,"もつ鉄板焼き・塩・味噌・旨辛
せせりの鉄板焼き・塩・味噌・旨辛
豚キムチ鉄板焼き
鉄板ジンギスカン
ハラミ鉄板焼き　塩・味噌・旨辛
鉄板ソーセージ
ガツの鉄板焼き・塩・味噌・旨辛
鉄板餃子
鶏肉の鉄板焼き　塩・味噌・旨辛
豪快！鮮魚5点盛り
刺身3点盛り
ホタテ
マグロ
サーモン
鯛
鰤
蛸
いぶりがっこクリームチーズ
たこわさ
つぶわさ
珍味3種盛り合わせ
温玉シーザーサラダ
ラーメンサラダ～胡麻ドレッシング～
海鮮サラダ～和風ドレッシング～
ホタテバター焼き
鮭のハラス焼き
鮭のちゃんちゃん焼き
牛タン焼き
名物！じゃがバター～塩辛添え～
特大ホッケの一夜干し
自家製ザンギ
フライドポテト
カニクリームコロッケ（2ツ）
チーズフライドポテト
たこの唐揚げ
軟骨から揚げ
きびなごの唐揚げ
甘エビの唐揚げ
鮮魚三種の海鮮丼
お茶漬け（鮭）
お茶漬け（たこわさ）
お茶漬け（チャンジャ）","https://maps.google.com/maps?ll=43.056399,141.353728&z=16&t=m&hl=ja&gl=JP&mapclient=apiv3",43.056399,141.353728
海鮮家 はこだて すすきの 本店,すすきの駅,居酒屋/個室海鮮/寿司/接待/デート/飲み放題//忘年会,地下鉄南北線すすきの駅より徒歩3分・地下鉄南北線中島公園駅より徒歩2分,,,,5001～7000円,2001～3000円,,https://www.hotpepper.jp/strJ000660670/,北海道札幌市中央区南７条西３丁目第一青樹社ビル １F～３F,"特上海鮮ちゃんこ(特製合わせ味噌 or オリジナル塩白湯)　1人前
石狩鍋(白味噌味)　1人前
たち入り鱈ちり鍋(だしポン酢)　1人前
【鍋のシメ】雑炊セット(生玉子2個付き)/ラーメンセット(生玉子2個付き)
【当店名物】函館産活烏賊踊り造り〈1パイ〉
活毛蟹（400g前後）
生雲丹刺し
【いち押し】活貝三昧
お刺身単品　各種
なまら大漁盛り（二人前～）
はこだて刺身盛り（一人前）
おまかせ市場盛り（一人前）
はこだて海鮮浜焼き　（一人前～）
貝づくし三昧
おまかせ市場焼き
旬野菜焼き盛り
【仰天名物】活たこ一本脚踊り焼き
蟹味噌甲羅焼き
活北寄
牡丹海老（中・二本）
大牡丹海老
活あわび(50g)
青つぶ（二個）
活ほたて
こまい（一本）
真いか
活蛤（二個）
たらば蟹脚焼き
野菜　各種
真ほっけ開き一枚（三～四人前/500g前後）
子持ちししゃも（三本）
にしん開き
宗八カレイ
こまい焼き（三本）
【いち押し】北あかりホクホク蒸し
活帆立バター焼き/いかゴロ味噌焼き
はまぐりの酒蒸し（三個）
道産牛リブロース(150g)
生ラムのステーキ(120g)
鮭のちゃんちゃん焼き
アスパラベーコン焼き
カニクリームコロッケ
海鮮天麩羅盛り
野菜天麩羅盛り
道産豚の竜田揚げ
道産鶏のから揚げ（三個）
ぶつ切りタコの唐揚げ
北あかりポテトフライ
活タコの天麩羅
アスパラの天麩羅
【いち押し】海鮮ラーメンサラダ（温玉付き）
じゃこ大根サラダ
海鮮サラダ
真いか塩辛/枝豆
真いか山椒漬け
真いかゴロルイベ/ほやの塩辛
カニ味噌（蟹身入り）/活たこの酢物
いくら醤油漬け
【いち押し】はこだて握り(10貫)　※味噌汁付き
北海握り（8貫）　※味噌汁付き
握り単品
なまら丼
はこだて丼
鮭いくら丼
生雲丹いくら丼
生雲丹丼
いくら丼
しおさい丼
サーモン三色丼
まぐろ三色丼
ホタテ三色丼
ずわい蟹三色丼
手のひらミニ丼","https://maps.google.com/maps?ll=43.051767,141.354501&z=20&t=m&hl=ja&gl=JP&mapclient=apiv3",43.051767,141.354501
蟹料理・ふぐ料理 喜多川 札幌,大通駅,居酒屋/和風,地産地消 羅臼漁協直営店から届く鮮魚 顔合わせ 結納 蟹 カニ アワビ ふぐ,4.2,,,5001～7000円,,,https://www.hotpepper.jp/strJ000760091/,北海道札幌市中央区南２条西５丁目 第一北野家ビルB1,"だし巻き卵
北海道ザンギ
三升漬奴
山わさびタタキ
イカ汐幸
北あかりバター
ふぐ皮山かけ（ポン酢）
フルーツトマト
羅臼ホッケスティック焼
きんき煮つけ（大）
きんきの煮つけ（中）
きんき焼き
きんき鍋
きんきとかにの北海鍋
【竹】氷鉢盛り
羅臼産ボタン海老
アワビのカルパッチョ
本日のお造り四点盛り
【梅】お造り盛り合わせ
羅臼産タコのカルパッチョ
キンキのカルパッチョ
天然フグ刺し　中
天然フグ刺し　大
ふぐとフルーツトマトのカルパッチョ
イカソーメン
イカ刺し
ルイベ（凍った鮭）
ジンギスカン ロース（100g）
焼き野菜盛り合わせ
羅臼特製ホッケ
焼き蟹
ホッケスティック
羅臼産きんきの一夜干し
焼きふぐ
羅臼産　マイの一夜干し
日高産シシャモ
イカの生姜焼
かにサラダ
フルーツトマトとドライトマトのサラダ
キンキ（半）のアクアパッツァ
海老と本日の切身のアクアパッツァ
海老、アサリ、サメガレイ、ムール貝のアクアパッツァ
キンキのアクアパッア
キンキ（半身）、海老、アサリのアクアパッア
海老、あさり、ムール貝、セミドライトマトのアクアパッア
北海道ザンギ
天ぷらの盛り合わせ
串物（6本）
羅臼産タコの唐揚
牛串揚（3本）
スモークラムの唐揚
スモークジンギスカン
とりのヒマラヤ岩塩焼
道産ヒレステーキ
アワビステーキ
ラムロース野菜炒め
ふぐ刺し　中
ふぐ刺し　大
焼きふぐ
ふぐの湯引きポン酢和え
ふぐ皮七味揚げ
ふぐの唐揚げ
ふぐ白子
ふぐコース　梅
ふぐコース　竹
ふぐコース　松
ふぐ鍋
カニクリームコロッケ
カニサラダ
羅臼イバラガニグリル
タラバガニグリル（一本）
毛蟹（一尾）
活毛蟹（要予約）
四大蟹盛合わせ（要予約）
ズワイガニしゃぶしゃぶ鍋
ふぐ鍋セット
かに・ふぐ・牛ヒレセット
かにとふぐの雑炊
イクラ丼とかに汁","https://maps.google.com/maps?ll=43.058159,141.351337&z=17&t=m&hl=ja&gl=JP&mapclient=apiv3",43.058159,141.351337
北海道食市場 丸海屋 日本生命札幌ビル店,札幌駅,居酒屋/海鮮 刺身 かに 個室 牡蠣,,3.7,,,4001～5000円,1501～2000円,,https://www.hotpepper.jp/strJ000678671/,北海道札幌市中央区北３条西４－１－１ 日本生命札幌ビル１階,"本日のお刺身5種盛り
美唄やきとり（１本）
いももち
カスべのザンギ
ラムソーセージ（2本）
ツブワサビ
チーズ盛り合わせ
よだれ鶏
にしんのマリネ
カニ味噌クリームチーズ
ボイル甘エビ
増毛海苔サラダ
ラーメンサラダ
フレッシュトマトの塩昆布和え
ふわふわ玉子焼き　いくらのせ
イカ軟骨とじゃがいものアヒージョ
イカ軟骨のコリコリ辛子炒め
真鱈のハスカップ黒酢炒め
ラム挽肉と茄子の麻婆
ラム肉の黒胡椒炒め
玉子きくらげ炒めガーリックの香り
これぞ！鶏ももザンギ（1個）
タコザンギ
北海道フライドポテト
カスべのザンギ
ゆめの大地豚　しゃぶしゃぶ
北海道産　和牛もつ鍋
厳選ホッケの炙り
帆立のバター醤油焼
とうきび焼き飯
鮭チャーハンいくらのせ
北見名物　帆立塩焼きそば
ラム挽肉の冷やし担々麺
ミニ鳥もつ蕎麦　(温)
おにぎり（塩鮭・塩昆布・白菜梅漬け）
十勝小豆の汁粉　雪見だいふく添え","https://maps.google.com/maps?ll=43.064448,141.349951&z=17&t=m&hl=ja&gl=JP&mapclient=apiv3",43.064448,141.349951
正統派室蘭焼鳥 男吉 本店,大通駅,居酒屋/和風,大通/札幌/焼き鳥/ 肉/手羽先/炎/飲み放題/二次会/女子会/誕生日/居酒屋/テイクアウト,3.8,,,3001～4000円,,,https://www.hotpepper.jp/strJ000250476/,北海道札幌市中央区南２条西５丁目３０－１,"月見つくね2本(タレ)
室蘭焼き鳥(タレ・塩)
豚シロ4本(タレ・塩)
豚レバー4本(タレ・塩)
豚タン4本(タレ・塩)
豚ハツ(心臓)4本(タレ・塩)
ナンコツ4本(タレ・塩)
鳥精4本(タレ・塩)
とり皮4本(タレ・塩)
ポンポチ4本(タレ・塩)
砂肝4本(タレ・塩)
手羽先　1本(タレ・塩)
牛サガリ1本(タレ・塩・わさび)
串物各1本
つくね1本
トマト焼2本
ねぎ焼2本
ししとう焼2本
ナス焼2本
大統領しいたけ焼1本
オクラ焼1本
うずら卵串焼き2本
塩キャベツ
にしんの切り込み
いぶりがっことクリームチーズ
長芋の醤油漬け
漬物
ピーマンの肉詰め
チャンジャ
キムチ
キムチ豆腐
とりポン酢
枝豆
冷奴
男吉サラダ
オニオンサラダ
冷やしトマト
チーズ入り 焼きおにぎり","https://maps.google.com/maps?ll=43.057763,141.350888&z=17&t=m&hl=ja&gl=JP&mapclient=apiv3",43.057763,141.350888
手打ちそばさくら北7条店,さっぽろ駅,和食/うどん・そば,蕎麦 自家製 ちぢれ麺 天ぷら ランチ 居酒屋 ちょいのみ 焼酎,,,,1501～2000円,1001～1500円,,https://www.hotpepper.jp/strJ001265677/,北海道札幌市東区北７条東３丁目１５－３０ビバリーヒルズ,"きのこ山菜そば
えび天そば（2本）
山菜えび天そば
きのこえび天そば
特えび天そば（3本）
天盛りそば（別盛り）
もりそば
ざるそば
おろしそば
納豆ざるそば（ぶっかけ）
梅おろしそば（ぶっかけ）
冷やしたぬきそば（ぶっかけ）
山菜ざるそば（ぶっかけ）
きのこざるそば（ぶっかけ）
山かけざるそば（ぶっかけ）
ニシン蕎麦","https://maps.google.com/maps?ll=43.070739,141.359537&z=16&t=m&hl=ja&gl=JP&mapclient=apiv3",43.070739,141.359537
かにと道産料理 雪華亭（セッカテイ）,狸小路駅,北海道×魚介料理・海鮮料理,,3.23,33,3235,"￥10,000～￥14,999",-,水曜日,https://tabelog.com/hokkaido/A0101/A010103/1008057/,北海道札幌市中央区南三条西4 J-BOXB1,"北の三大蟹盛り合わせ
活毛がに（刺身・茹で上げ・蒸し）
活たらば刺身【一人前】
浜茹で毛がに
たらば蟹湯引き【一人前】
たらば蟹親爪焼
たらば蟹足盛
たらばかに足一本焼
たらばかにセイロ蒸し
たらばかにしゃぶ【一本】
北海松葉しゃぶ【野菜付・三本】
北海松葉しゃぶ【野菜なし・三本】
かにしゃぶ用野菜
雪の華刺身盛合せ（ニ～三人前）
刺身盛合わせ（一人前）
本鮪
サーモン
そい
活帆立貝
活北寄貝
牡丹海老（ニ本）
生うに
蟹甲羅焼
ほっき貝焼
知床鶏の黒胡椒焼
【鵡川産】ししゃも（三本）
北海松葉かに味噌和え
蟹しゅうまい（三貫）
北あかりじゃがバター焼
活帆立貝バターコーン焼
かに身がいっぱいさらだ
北海松葉かに天麩羅
たらばかに天麩羅
天麩羅盛合わせ
蟹甲羅揚げ
たらば蟹コロッケ
蛸ざんぎ（唐揚げ）
二種のかにすき鍋　（一人前）
きんき煮付け
きんき　焼き物
きんき鍋　（一人前）
〆の雑炊・うどん（一人前）
雪華亭特選生寿司 九貫盛合わせ
北海道産生寿司 四貫盛合わせ
かに釜めし
北海松葉かに寿司（一貫）
たらばかに寿司（一貫）
海の幸 海鮮丼
かに・いくら丼
蟹雑炊
てっぽう汁","https://maps.google.com/maps?ll=43.056812,141.352147&z=17&t=m&hl=ja&gl=US&mapclient=apiv3",43.056812,141.352147
飯寿し工房松ぶん,白石駅（ＪＲ北海道）,寿司,,3.09,4,121,,"￥1,000～￥1,999",,https://tabelog.com/hokkaido/A0101/A010301/1051883/,北海道 札幌市白石区 菊水元町4条2-1-7 古川ビル 102,飯寿司,"https://maps.google.com/maps?ll=43.069332,141.403627&z=17&t=m&hl=ja&gl=US&mapclient=apiv3",43.069332,141.403627
京都鳥せゑ 札幌本店（キョウトトリセエ）,すすきの駅（市電）,居酒屋/鳥料理,,3.41,42,4281,"￥5,000～￥5,999",-,日曜日,https://tabelog.com/hokkaido/A0101/A010103/1049548/,北海道札幌市中央区南4条西4 すずらんビル別館 5F,"『焼き鳥』のおはなし
やきとり
おまかせ八串セット
おまかせ十二串セット
とりねぎ
心ぞう
つなぎ
砂ずり
生麩田楽
すき身の黒七味焼き
手羽先
ミンチ(つくね)
すき身(せせり)
きも
かわ
ずりかわ
三角(テール)
笹身の梅じそ
笹身わさび
レンコン肉詰め
アスパラのベーコン巻
チーズベーコン
豚バラ
やげんなんこつ
しそ巻き
うずら串
なす田楽
とうがらし
うす造り
鶏のたたき
手羽身造り
京の鴨ロース
とりかわポン酢
鶏のなめろう
6種の野菜のシーザーサラダ
大根サラダ
和風とうふサラダ
シャキシャキチキンサラダ
焼きレンコン
焼きしいたけ
玉ねぎステーキ
鳥せゑのまかない
おやどり焼き
鶏ホルモン焼き
京漬物盛り合わせ
揚げ出し生麩
鳥屋の出汁巻き卵
豆富とゆばのあんかけ
もろきゅう
ほんのり黒枝豆
鶏の一夜干し
鶏のもつ煮込み
厚揚げ
とりコロッケ
手羽の旨唐
とり皮餃子
ファットリアビオのチーズを使ったささ身チーズの湯葉揚げに抹茶塩を添えて
とり天
パリ揚げ(皮を揚げたん)
ポテトフライ
でかから
鳥せゑ風 けいはん
とりラーメン
雑炊
塩おにぎり
濃厚卵かけごはん
美唄のとりめし
そぼろごはん
特製とりスープ","https://maps.google.com/maps?ll=43.055826,141.352115&z=17&t=m&hl=ja&gl=US&mapclient=apiv3",43.055826,141.352115
SAKEのちサカナ時々、そば しゅぼ,地下鉄大通駅,居酒屋/和風,日本酒を中心としたお酒と共に肴・魚介・お蕎麦で上質なひとときを…,,,,,4001～5000円,,https://www.hotpepper.jp/strJ001218994/,北海道札幌市中央区南２条西７丁目M'sスペース２F,"刺身五種盛り合わせ
刺身三種盛り合わせ
本まぐろ赤身刺身
活帆立刺身
青つぶ刺身
〆鯖
炙りたこの柚子胡椒ポン酢
鯖のへしこ
真カスベ一夜干し
金時ニンジンと蓮根とあわ麩の田楽焼き
雪の下キャベツと豚スネ肉の塩煮込み
カスべの煮つけ
新玉ねぎと生ハムのチーズ焼き
牡蠣のオイル煮のおろし和え
真たちポン酢
真たち天ぷら又は焼き
カマンベールチーズと鶏もも肉の茶わん蒸し
月光ゆり根と焼き海苔の天ぷら
豚肩ロースの塩麹焼きバルサミコソース
山ウドと霜降り平茸の揚げ出し
コマイの一夜干し
握り寿司　三貫","https://maps.google.com/maps?ll=43.056511,141.347628&z=18&t=m&hl=ja&gl=JP&mapclient=apiv3",43.056511,141.347628
和ごころ 雄大(ゆうだい),地下鉄東西線バスセンター前,居酒屋/海鮮,,3.8,,,2001～3000円,,,https://www.hotpepper.jp/strJ001118577/,北海道札幌市中央区南２条東６丁目5番の2 朝日プラザ1条橋1F,"自家製〆鯖
じゃがいも
結びしらたき
ザンギ
道産鶏炙り焼き
イカの一夜干し炭焼き
ホッケの炙り焼き
室蘭焼き鳥(塩、タレ)","https://maps.google.com/maps?ll=43.059782,141.364751&z=17&t=m&hl=ja&gl=JP&mapclient=apiv3",43.059782,141.364751
浜の漁師居酒屋 こちら とれたて 根室港,さっぽろ駅,居酒屋/海鮮,◆会社宴会・接待・おもてなしに最適 ◆個室・掘りごたつ ◆地下歩行空間直結,3.7,,,4001～5000円,501～1000円,,https://www.hotpepper.jp/strJ000979779/,北海道札幌市中央区北２条西３丁目1 敷島ビルB1F（地下歩行空間直結）,"【限定】たち(天ぷら または　ぽん酢）
根室産 マツカワ刺
自家製〆サバ刺
宗八カレイ焼
根室産 浜茹 花咲ガニ
厚岸産 カキ酢
厚岸産 アサリ酒蒸し
母々ガレイ煮付
道東産　天然物　活ほたて
ルイベ3点盛り
鮭ルイベ
たこルイベ
活あさり焼
丸干し　こまい焼
開ホッケ焼
北海道産  いもバター焼
鮭とば
ザンギ
たこザンギ
カスベの煮つけ
いももち
あさり汁
かにてっぽう汁
かじか鍋
湯豆腐　1人前
海鮮湯豆腐　1人前
かき鍋　1人前
きんき鍋　1人前
海鮮ラーメンサラダ
豚丼","https://maps.google.com/maps?ll=43.064051,141.351685&z=16&t=m&hl=ja&gl=JP&mapclient=apiv3",43.064051,141.351685
炭火居酒屋 炎 札幌駅北口店,JR札幌駅,居酒屋/海鮮,,,,,2001～3000円,,,https://www.hotpepper.jp/strJ001117039/,北海道札幌市北区北７条西２丁目９番地 ベルヴュオフィス札幌（旧代ゼミビル） 地下１階,"砂肝串/ハツ串
ねぎま串
赤モツ串/豚レバー串
もも精串/ひな皮串/ぼんじり串/鶏レバー
豚とろ串
豚バラ串
牛タン串
特選牛カルビ串
美唄やきとり
アスパラベーコン串
もちベーコン串
なす焼き串/ししとう串/しいたけ串/ねぎいかだ串/うずら串
道産塩ザンギ
ラーメンサラダ
コマイ炭火焼/塩サバ炭火焼き/豚とろ味噌鉄板焼き
特大子持ししゃも
鮭ハラス
えいひれ炙り焼き/いかの網焼き/ししゃもの唐揚げ
たこザンギ
牛すじポン酢/冷奴/いかの塩辛/いかキムチ/いか納豆/うずらの煮卵
チャンジャ/たこわさび/たこキムチ/自家製肝しぐれ煮/とり皮ポン酢
たこポン酢/自家製豚とろの角煮/チーズいももち","https://maps.google.com/maps?ll=43.069478,141.350917&z=17&t=m&hl=ja&gl=JP&mapclient=apiv3",43.069478,141.350917
大漁舟盛り居酒屋 大海物語,すすきの駅（市営）,魚介料理・海鮮料理,,3.1,38,2038,"￥5,000～￥5,999",-,日曜（月曜が祝日の場合は日曜日営業して翌月曜日休み） ※祝日・祭日は通常通り営業。,https://tabelog.com/hokkaido/A0101/A010103/1031389/,北海道札幌市中央区南五条西3丁目 Ｎ・グランデビル 2F,"■■■サラダ■■■
秘伝！！胡麻味噌らーめんサラダ
■■■備長炭火焼■■■
鵡川の本ししゃも（オス２本・メス２本）
羅臼の真ほっけの一夜干し
■■■汁物■■■
真鯛のあら汁
タラバ蟹のてっぽう汁
鶏だしかけ塩ラーメン","https://maps.google.com/maps?ll=43.054921,141.354454&z=17&t=m&hl=ja&gl=US&mapclient=apiv3",43.054921,141.354454
すすきの寿司居酒屋 すしほまれ,すすきの駅,海鮮・魚介料理,完全個室完備,,,,5000,,,https://r.gnavi.co.jp/hyxtafck0000/,北海道札幌市中央区南4条西4 すずらんビル別館,三平汁,"https://maps.google.com/maps?ll=43.055831,141.352138&z=16&t=m&hl=ja&gl=US&mapclient=apiv3",43.055831,141.352138
さっぽろ 雪だるま,北２４条駅,和菓子/弁当,,3.13,24,167,～￥999,-,日曜日,https://tabelog.com/hokkaido/A0101/A010201/1040001/,北海道 札幌市北区 北22条西4-2-15,赤飯,"https://maps.google.com/maps?ll=43.08832,141.343642&z=17&t=m&hl=ja&gl=US&mapclient=apiv3",43.08832,141.343642
郷土の味 北彩 エスタ店,札幌駅（ＪＲ）,寿司/弁当,,3.35,19,83,～￥999,～￥999,不定休(エスタに準ずる),https://tabelog.com/hokkaido/A0101/A010101/1041788/,北海道 札幌市中央区 北5条西2 エスタ B1F,いかめし,"https://maps.google.com/maps?ll=43.067509,141.352861&z=17&t=m&hl=ja&gl=US&mapclient=apiv3",43.067509,141.352861
札幌こんぶ屋,西線１１条駅,その他,,3.06,4,78,～￥999,-,日曜日,https://tabelog.com/hokkaido/A0101/A010104/1053463/,北海道 札幌市中央区 南12条西15-2-2,昆布巻き,"https://maps.google.com/maps?ll=43.043601,141.335887&z=17&t=m&hl=ja&gl=US&mapclient=apiv3",43.043601,141.335887
貴水（きすい）,豊水すすきの駅,海鮮料理,旬と和食器で彩る貴水の和食,3.57,47,3685,"￥10,000～￥14,999",-,日曜日,https://tabelog.com/hokkaido/A0101/A010103/1003640/,北海道 札幌市中央区 南6条西3 おおたビル 1F,"鯨汁
トキシラズの焼漬け","https://maps.google.com/maps?ll=43.053923,141.354764&z=17&t=m&hl=ja&gl=US&mapclient=apiv3",43.053923,141.354764
鮨 大照（タイショウ）,すすきの駅（市営）,海鮮料理,,3.61,69,5485,"￥8,000～￥9,999",-,日曜日・祝日,https://tabelog.com/hokkaido/A0101/A010103/1045933/,北海道 札幌市中央区 南5条西4 ニュー美松ビル 1F,いくらの醤油漬け,"https://maps.google.com/maps?ll=43.054156,141.353124&z=17&t=m&hl=ja&gl=US&mapclient=apiv3",43.054156,141.353124
水車（スイシャ）,手稲駅,和菓子,,3.45,45,1073,-,～￥999,日曜日,https://tabelog.com/hokkaido/A0101/A010203/1023516/,北海道 札幌市手稲区 手稲本町 1条3-3,べこ餅,"https://maps.google.com/maps?ll=43.119437,141.243054&z=17&t=m&hl=ja&gl=US&mapclient=apiv3",43.119437,141.243054
福屋 菓子店,新琴似駅,和菓子,,3.25,14,220,-,～￥999,日曜日,https://tabelog.com/hokkaido/A0101/A010201/1043495/,北海道 札幌市北区 新琴似七条 10丁目3 -19,べこ餅,"https://maps.google.com/maps?ll=43.118492,141.320464&z=17&t=m&hl=ja&gl=US&mapclient=apiv3",43.118492,141.320464
maruyama 檀,円山公園駅,和食/居酒屋,旬を彩る和食と、自然派ワイン,3.51,31,3658,"￥10,000～￥14,999",-,不定休 ※ご来店前にお電話にてご確認お願い致します。,https://tabelog.com/hokkaido/A0101/A010105/1034971/,北海道札幌市中央区南5条西24-3-17 第17藤栄ビル 1F,トキシラズの焼漬け,"https://maps.google.com/maps?ll=43.050936,141.321837&z=17&t=m&hl=ja&gl=US&mapclient=apiv3",43.050936,141.321837
グルメ回転寿司 函太郎 （カンタロウ）新千歳空港店,新千歳空港駅,回転寿司,,3.45,586,10360,"￥2,000～￥2,999","￥1,000～￥1,999",年中無休,https://tabelog.com/hokkaido/A0107/A010701/1049433/,北海道 千歳市 美々 987-22 新千歳空港 国内線旅客ターミナル 3F,たちの味噌汁,"https://maps.google.com/maps?ll=42.787343,141.680258&z=17&t=m&hl=ja&gl=US&mapclient=apiv3",42.787343,141.680258
